USE library_management;

-- 1) Reading levels (5)
INSERT INTO `Reading_Level` (`idReading_Level`, `reading_level`) VALUES
(1, 'Beginner'),
(2, 'Elementary'),
(3, 'Intermediate'),
(4, 'Advanced'),
(5, 'Young Adult');

-- 2) Employees (4) - IDs will be 1..4
-- Roles: librarian (can add), stocker, book procurer (can add), maintenance
INSERT INTO `Employee` (`idEmployee`, `first_name`, `last_name`, `role`, `start_date`, `phone`, `email`, `city`, `state`, `zip`) VALUES
(1, 'Marjorie', 'Cole', 'Librarian', '2010-06-15', '6075550101', 'marjorie.cole@library.org', 'Ithaca', 'NY', '14850'),
(2, 'Daniel', 'Park', 'Stocker', '2018-09-03', '6075550102', 'daniel.park@library.org', 'Ithaca', 'NY', '14850'),
(3, 'Evelyn', 'Stone', 'Book Procurer', '2016-02-28', '6075550103', 'evelyn.stone@library.org', 'Ithaca', 'NY', '14850'),
(4, 'Harold', 'Miller', 'Maintenance', '2020-11-01', '6075550104', 'harold.miller@library.org', 'Ithaca', 'NY', '14850');

-- 3) Authors (80). Some death_date NULL (living), some with death_date.
INSERT INTO `Author` (`idAuthor`, `first_name`, `last_name`, `birth_date`, `death_date`) VALUES
(1,'Alice','Monroe','1948-04-10',NULL),
(2,'Benjamin','Kline','1960-12-02',NULL),
(3,'Clara','Wright','1932-05-18','2008-09-12'),
(4,'David','Ortiz','1975-07-07',NULL),
(5,'Eileen','Hart','1955-11-23',NULL),
(6,'Frank','Rossi','1929-03-02','2012-01-30'),
(7,'Grace','Adams','1984-02-11',NULL),
(8,'Hector','Lopez','1968-08-19',NULL),
(9,'Iris','Kumar','1979-01-25',NULL),
(10,'Jon','Bennett','1940-10-02','2015-06-20'),
(11,'Katherine','Nguyen','1990-09-09',NULL),
(12,'Liam','O\'Reilly','1987-03-15',NULL),
(13,'Maya','Singh','1972-12-30',NULL),
(14,'Noah','Peterson','1958-05-05',NULL),
(15,'Olga','Smirnov','1935-07-17','2005-04-03'),
(16,'Parker','Reyes','1982-10-10',NULL),
(17,'Quinn','Bates','1993-06-01',NULL),
(18,'Rosa','Valdez','1964-04-21',NULL),
(19,'Samuel','Green','1918-11-11','1999-02-20'),
(20,'Tina','Choi','1977-08-02',NULL),
(21,'Umar','Hassan','1980-09-13',NULL),
(22,'Vera','Kovacs','1942-02-24',NULL),
(23,'Wesley','Ford','1953-12-12',NULL),
(24,'Ximena','Garcia','1995-07-30',NULL),
(25,'Yusuf','Ali','1966-03-27',NULL),
(26,'Zoe','Lam','1992-11-19',NULL),
(27,'Aaron','Blake','1946-01-02','2018-10-14'),
(28,'Bianca','Romero','1988-05-22',NULL),
(29,'Cecil','Wong','1950-09-09',NULL),
(30,'Daphne','Morales','1970-06-06',NULL),
(31,'Ethan','Ross','1999-02-02',NULL),
(32,'Fiona','Yu','1985-04-04',NULL),
(33,'Gavin','Lambert','1962-12-01',NULL),
(34,'Hannah','Morris','1991-01-17',NULL),
(35,'Ian','Bell','1938-08-08','2000-03-01'),
(36,'Jasmine','Carter','1974-03-21',NULL),
(37,'Keith','Parker','1956-10-30',NULL),
(38,'Lara','Adams','1983-09-07',NULL),
(39,'Marcus','Ng','1976-11-11',NULL),
(40,'Nadia','Stevens','1969-12-12',NULL),
(41,'Owen','King','1981-04-14',NULL),
(42,'Paula','Fletcher','1951-07-20',NULL),
(43,'Rafael','Santos','1949-05-05',NULL),
(44,'Sofia','Mendez','1994-02-02',NULL),
(45,'Trent','Hughes','1978-06-10',NULL),
(46,'Uma','Patel','1965-10-01',NULL),
(47,'Victor','Nguyen','1934-09-09','2010-08-08'),
(48,'Willa','Bryant','1986-11-03',NULL),
(49,'Xander','Cole','1997-12-12',NULL),
(50,'Yara','Khan','1973-03-03',NULL),
(51,'Zane','Olsen','1990-06-06',NULL),
(52,'Abigail','Foster','1989-01-01',NULL),
(53,'Brandon','Lee','1967-02-02',NULL),
(54,'Charlotte','Reid','1945-05-05','2019-09-09'),
(55,'Derek','Hsu','1984-10-10',NULL),
(56,'Elena','Vargas','1971-08-08',NULL),
(57,'Felix','Marin','1959-11-11',NULL),
(58,'Gloria','Perez','1947-12-12',NULL),
(59,'Hank','Walsh','1930-04-04','2001-07-07'),
(60,'Ivy','Coleman','1996-09-09',NULL),
(61,'Jacob','Sanders','1982-05-05',NULL),
(62,'Kira','Evans','1998-03-03',NULL),
(63,'Leo','Griffin','1954-06-06',NULL),
(64,'Mina','Park','1979-12-12',NULL),
(65,'Nolan','Baker','1933-01-01','1998-12-12'),
(66,'Opal','Day','1987-07-07',NULL),
(67,'Preston','Fry','1961-02-02',NULL),
(68,'Quincy','Lo','1957-09-09',NULL),
(69,'Renee','Stone','1991-11-11',NULL),
(70,'Shane','Brooks','1974-04-04',NULL),
(71,'Theresa','Norris','1944-03-03',NULL),
(72,'Ulrich','Bauer','1939-10-10','2016-05-05'),
(73,'Valerie','Hammond','1980-06-06',NULL),
(74,'Winston','Day','1952-08-08',NULL),
(75,'Xia','Feng','1993-09-09',NULL),
(76,'Yvonne','Santos','1963-02-02',NULL),
(77,'Zack','Reeves','1985-05-05',NULL),
(78,'Ava','Knight','2000-01-15',NULL),
(79,'Bea','Montgomery','1941-06-18','2020-01-01'),
(80,'Cameron','Price','1994-04-21',NULL);

-- 4) Sections (12) referencing reading levels 1..5 (distributed among levels)
INSERT INTO `Section` (`idSection`, `genre`, `name`, `Reading_Level_id`) VALUES
(1, 'Picture Books', 'Children Picture', 1),
(2, 'Early Readers', 'Early Readers', 2),
(3, 'Chapter Books', 'Chapter Books', 2),
(4, 'Middle Grade', 'Middle Grade Fiction', 3),
(5, 'Young Adult', 'YA Fiction', 5),
(6, 'Adult Fiction', 'General Fiction', 4),
(7, 'Non-Fiction', 'Biography & Memoir', 4),
(8, 'Science', 'Science & Nature', 4),
(9, 'History', 'History', 4),
(10, 'Mystery', 'Mystery & Thriller', 4),
(11, 'Poetry', 'Poetry', 3),
(12, 'Reference', 'Reference & How-To', 4);

-- 5) Books (100). employeeID only librarian (1) or procurer (3).
-- reading level references use idReading_Level numbers, section references 1..12
-- 5 books published in 2025 (publication_date = 2025-03-xx, etc.)
INSERT INTO `Book` (`idBook`, `employeeID`, `Reading_Level_idReading_Level`, `Section_idSection`, `title`, `publication_date`, `introduce_date`, `language`, `genre`) VALUES
(1, 1, 1, 1, 'The Little Cloud', '2014-05-01', '2014-06-15', 'English', 'Picture'),
(2, 3, 2, 2, 'Beginner Bugs', '2016-07-10', '2016-07-20', 'English', 'Educational'),
(3, 1, 2, 3, 'Sammy and the Secret', '2013-09-12', '2013-10-01', 'English', 'Chapter'),
(4, 3, 3, 4, 'Maple Street Mystery', '2011-02-14', '2011-03-01', 'English', 'Middle Grade'),
(5, 1, 5, 5, 'Neon Days', '2025-01-05', '2025-02-12', 'English', 'YA'),
(6, 3, 4, 6, 'Crossing Rivers', '2008-08-22', '2008-09-05', 'English', 'Fiction'),
(7, 1, 4, 7, 'A Life in Pieces', '1999-03-03', '1999-04-01', 'English', 'Memoir'),
(8, 3, 4, 8, 'The Blue Planet', '2012-11-11', '2012-12-10', 'English', 'Science'),
(9, 1, 4, 9, 'Revolutions of 1848', '1988-06-06', '1988-07-07', 'English', 'History'),
(10,3, 4, 10, 'Shadows in the Hall', '2019-09-09', '2019-09-30', 'English', 'Thriller'),
(11,1, 3, 11, 'Rhymes for Rain', '2005-05-05', '2005-06-06', 'English', 'Poetry'),
(12,3, 4, 12, 'DIY Home Repairs', '2010-03-03', '2010-04-01', 'English', 'Reference'),
(13,1, 1, 1, 'Panda\'s First Day', '2018-08-08', '2018-09-01', 'English', 'Picture'),
(14,3, 2, 2, 'Numbers Everywhere', '2017-04-01', '2017-04-20', 'English', 'Educational'),
(15,1, 2, 3, 'The Tiny Detective', '2014-10-10', '2014-11-01', 'English', 'Chapter'),
(16,3, 3, 4, 'Skyward Bound', '2020-12-01', '2021-01-10', 'English', 'Middle Grade'),
(17,1, 5, 5, 'Glass & Ash', '2025-05-20', '2025-06-01', 'English', 'YA'),
(18,3, 4, 6, 'The Orchard', '1995-09-09', '1995-10-01', 'English', 'Fiction'),
(19,1, 4, 7, 'Remembering June', '2002-02-02', '2002-02-20', 'English', 'Memoir'),
(20,3, 4, 8, 'Stars and Cells', '2013-03-03', '2013-04-01', 'English', 'Science'),
(21,1, 4, 9, 'Borders and Bridges', '2000-01-01', '2000-02-01', 'English', 'History'),
(22,3, 4, 10, 'A Quiet Kill', '2018-10-10', '2018-11-01', 'English', 'Mystery'),
(23,1, 3, 11, 'Ocean Echoes', '2007-07-07', '2007-08-01', 'English', 'Poetry'),
(24,3, 4, 12, 'Gardening Basics', '2016-03-15', '2016-04-01', 'English', 'How-To'),
(25,1, 1, 1, 'Bunny Hops', '2012-12-12', '2012-12-30', 'English', 'Picture'),
(26,3, 2, 2, 'Alphabet Adventures', '2010-01-01', '2010-01-20', 'English', 'Educational'),
(27,1, 2, 3, 'The Old Treehouse', '2009-05-05', '2009-06-01', 'English', 'Chapter'),
(28,3, 3, 4, 'The Missing Compass', '2015-05-05', '2015-06-01', 'English', 'Middle Grade'),
(29,1, 5, 5, 'After the Lights', '2025-03-18', '2025-04-01', 'English', 'YA'),
(30,3, 4, 6, 'Quiet Harbor', '1998-08-08', '1998-09-01', 'English', 'Fiction'),
(31,1, 4, 7, 'Memoirs of a Baker', '2011-11-11', '2011-12-01', 'English', 'Memoir'),
(32,3, 4, 8, 'Microbe Worlds', '2014-04-04', '2014-05-01', 'English', 'Science'),
(33,1, 4, 9, 'Ancient Trade Routes', '1985-02-02', '1985-03-01', 'English', 'History'),
(34,3, 4, 10, 'Cold Case Files', '2003-03-03', '2003-04-01', 'English', 'Crime'),
(35,1, 3, 11, 'Songs from Home', '1997-07-07', '1997-08-01', 'English', 'Poetry'),
(36,3, 4, 12, 'Sewing for Beginners', '2019-01-15', '2019-02-10', 'English', 'Crafts'),
(37,1, 1, 1, 'Turtle Takes a Trip', '2015-05-05', '2015-06-01', 'English', 'Picture'),
(38,3, 2, 2, 'Colors and Shapes', '2013-06-06', '2013-07-01', 'English', 'Educational'),
(39,1, 2, 3, 'The Little Locksmith', '2001-09-09', '2001-10-01', 'English', 'Chapter'),
(40,3, 3, 4, 'Hidden Library', '2017-07-07', '2017-08-01', 'English', 'Middle Grade'),
(41,1, 5, 5, 'Velvet Skies', '2025-02-02', '2025-02-28', 'English', 'YA'),
(42,3, 4, 6, 'Night Watch', '2006-10-10', '2006-11-01', 'English', 'Fiction'),
(43,1, 4, 7, 'Fishing for Stories', '1992-12-12', '1993-01-01', 'English', 'Memoir'),
(44,3, 4, 8, 'Plant Signals', '2010-05-05', '2010-06-01', 'English', 'Science'),
(45,1, 4, 9, 'The Silk Road', '1990-08-08', '1990-09-01', 'English', 'History'),
(46,3, 4, 10, 'Night Caller', '2021-09-09', '2021-10-01', 'English', 'Thriller'),
(47,1, 3, 11, 'Little Fires', '2004-04-04', '2004-05-01', 'English', 'Poetry'),
(48,3, 4, 12, 'Quick Carpentry', '2007-07-07', '2007-08-01', 'English', 'Reference'),
(49,1, 1, 1, 'Frog in the Kitchen', '2019-02-02', '2019-02-20', 'English', 'Picture'),
(50,3, 2, 2, 'First Steps', '2011-11-11', '2011-12-01', 'English', 'Educational'),
(51,1, 2, 3, 'Secret Door', '2000-10-10', '2000-11-01', 'English', 'Chapter'),
(52,3, 3, 4, 'Quest of Light', '2014-01-01', '2014-02-01', 'English', 'Middle Grade'),
(53,1, 5, 5, 'Paper Cities', '2023-05-05', '2023-06-01', 'English', 'YA'),
(54,3, 4, 6, 'The Long Road', '1987-07-07', '1987-08-01', 'English', 'Fiction'),
(55,1, 4, 7, 'Painting Rain', '2009-09-09', '2009-10-01', 'English', 'Memoir'),
(56,3, 4, 8, 'Quantum Threads', '2018-01-01', '2018-02-01', 'English', 'Science'),
(57,1, 4, 9, 'War Chronicles', '1975-05-05', '1975-06-01', 'English', 'History'),
(58,3, 4, 10, 'Deadline', '2012-12-12', '2013-01-01', 'English', 'Thriller'),
(59,1, 3, 11, 'Ponds at Dawn', '1996-06-06', '1996-07-01', 'English', 'Poetry'),
(60,3, 4, 12, 'Baking with Friends', '2015-10-10', '2015-11-01', 'English', 'Cookbook'),
(61,1, 1, 1, 'Owl in the Attic', '2013-03-03', '2013-04-01', 'English', 'Picture'),
(62,3, 2, 2, 'Little Machines', '2012-08-08', '2012-09-01', 'English', 'Educational'),
(63,1, 2, 3, 'The Band of Squirrels', '2006-06-06', '2006-07-01', 'English', 'Chapter'),
(64,3, 3, 4, 'Riversong', '2004-04-04', '2004-05-01', 'English', 'Middle Grade'),
(65,1, 5, 5, 'Glass Harbor', '2025-06-15', '2025-07-01', 'English', 'YA'),
(66,3, 4, 6, 'After Hours', '1994-09-09', '1994-10-01', 'English', 'Fiction'),
(67,1, 4, 7, 'Two Kitchens', '2001-01-01', '2001-02-01', 'English', 'Memoir'),
(68,3, 4, 8, 'Anatomy of Trees', '1997-08-08', '1997-09-01', 'English', 'Science'),
(69,1, 4, 9, 'Empire Builders', '1969-11-11', '1970-01-01', 'English', 'History'),
(70,3, 4, 10, 'The Vanishing Act', '2002-02-02', '2002-03-01', 'English', 'Mystery'),
(71,1, 3, 11, 'Winter Lines', '1993-12-12', '1994-01-01', 'English', 'Poetry'),
(72,3, 4, 12, 'Small Engines', '2008-08-08', '2008-09-01', 'English', 'How-To'),
(73,1, 1, 1, 'Bear at the Door', '2016-06-06', '2016-07-01', 'English', 'Picture'),
(74,3, 2, 2, 'Counting Stars', '2015-05-05', '2015-06-01', 'English', 'Educational'),
(75,1, 2, 3, 'The Clockmaker', '1991-01-01', '1991-02-01', 'English', 'Chapter'),
(76,3, 3, 4, 'The Lantern', '2007-07-07', '2007-08-01', 'English', 'Middle Grade'),
(77,1, 5, 5, 'Echoes of Youth', '2021-04-04', '2021-05-01', 'English', 'YA'),
(78,3, 4, 6, 'Distant Shores', '1983-03-03', '1983-04-01', 'English', 'Fiction'),
(79,1, 4, 7, 'Letters Home', '1958-05-05', '1958-06-01', 'English', 'Memoir'),
(80,3, 4, 8, 'Sky Biology', '2011-10-10', '2011-11-01', 'English', 'Science'),
(81,1, 4, 9, 'Modern Revolutions', '2005-08-08', '2005-09-01', 'English', 'History'),
(82,3, 4, 10, 'The Silent Witness', '2010-10-10', '2010-11-01', 'English', 'Crime'),
(83,1, 3, 11, 'Fields of Gold', '1989-09-09', '1989-10-01', 'English', 'Poetry'),
(84,3, 4, 12, 'Practical Electricity', '1999-05-05', '1999-06-01', 'English', 'Reference'),
(85,1, 1, 1, 'Kitten\'s Morning', '2020-01-01', '2020-01-20', 'English', 'Picture'),
(86,3, 2, 2, 'Shapes in Motion', '2019-09-09', '2019-10-01', 'English', 'Educational'),
(87,1, 2, 3, 'The Secret Map', '1996-06-06', '1996-07-01', 'English', 'Chapter'),
(88,3, 3, 4, 'The Clock Tower', '2003-03-03', '2003-04-01', 'English', 'Middle Grade'),
(89,1, 5, 5, 'River of Glass', '2024-04-04', '2024-05-01', 'English', 'YA'),
(90,3, 4, 6, 'Broken Road', '1980-02-02', '1980-03-01', 'English', 'Fiction'),
(91,1, 4, 7, 'A Painter\'s Table', '2006-06-06', '2006-07-01', 'English', 'Memoir'),
(92,3, 4, 8, 'Ocean Chemistry', '2017-11-11', '2017-12-01', 'English', 'Science'),
(93,1, 4, 9, 'Colonial Times', '1978-08-08', '1978-09-01', 'English', 'History'),
(94,3, 4, 10, 'Thread of Lies', '2016-06-06', '2016-07-01', 'English', 'Mystery'),
(95,1, 3, 11, 'Birdsong', '2000-03-03', '2000-04-01', 'English', 'Poetry'),
(96,3, 4, 12, 'Home Composting', '2013-04-04', '2013-05-01', 'English', 'Reference'),
(97,1, 1, 1, 'Poppy\'s Picnic', '2017-07-07', '2017-08-01', 'English', 'Picture'),
(98,3, 2, 2, 'Baby Tools', '2014-02-02', '2014-03-01', 'English', 'Educational'),
(99,1, 2, 3, 'The Paper Boat', '2002-05-05', '2002-06-01', 'English', 'Chapter'),
(100,3, 3, 4, 'Cavern Secrets', '2015-08-08', '2015-09-01', 'English', 'Middle Grade');

-- 6) Readers (50) all from Ithaca, NY
INSERT INTO `Reader` (`idReader`, `first_name`, `last_name`, `phone`, `email`, `street_address`, `city`, `state`, `zip`) VALUES
(1,'Olivia','Hayes','6075551001','olivia.hayes@example.com','12 College Ave','Ithaca','NY','14850'),
(2,'Liam','Sanders','6075551002','liam.sanders@example.com','33 Meadow St','Ithaca','NY','14850'),
(3,'Emma','Roberts','6075551003','emma.roberts@example.com','7 West Hill','Ithaca','NY','14850'),
(4,'Noah','Turner','6075551004','noah.turner@example.com','56 Aurora Rd','Ithaca','NY','14850'),
(5,'Ava','Murphy','6075551005','ava.murphy@example.com','22 Linden Ln','Ithaca','NY','14850'),
(6,'Oliver','Reed','6075551006','oliver.reed@example.com','5 Dewitt Pl','Ithaca','NY','14850'),
(7,'Sophia','Young','6075551007','sophia.young@example.com','101 College Ave','Ithaca','NY','14850'),
(8,'Elijah','Wright','6075551008','elijah.wright@example.com','8 Dryden Rd','Ithaca','NY','14850'),
(9,'Isabella','Clark','6075551009','isabella.clark@example.com','44 Cascadilla','Ithaca','NY','14850'),
(10,'Lucas','Hill','6075551010','lucas.hill@example.com','16 South St','Ithaca','NY','14850'),
(11,'Mia','Green','6075551011','mia.green@example.com','3 Highland','Ithaca','NY','14850'),
(12,'Mason','Adams','6075551012','mason.adams@example.com','29 Forest Home','Ithaca','NY','14850'),
(13,'Charlotte','Scott','6075551013','charlotte.scott@example.com','71 Lake St','Ithaca','NY','14850'),
(14,'Logan','Baker','6075551014','logan.baker@example.com','9 Garden Way','Ithaca','NY','14850'),
(15,'Amelia','Bell','6075551015','amelia.bell@example.com','120 Cascadilla','Ithaca','NY','14850'),
(16,'Ethan','Cox','6075551016','ethan.cox@example.com','2 Highland Ave','Ithaca','NY','14850'),
(17,'Harper','Diaz','6075551017','harper.diaz@example.com','55 North St','Ithaca','NY','14850'),
(18,'James','Fisher','6075551018','james.fisher@example.com','88 West End','Ithaca','NY','14850'),
(19,'Evelyn','Gonzalez','6075551019','evelyn.gonzalez@example.com','14 Dryden','Ithaca','NY','14850'),
(20,'Alexander','Hughes','6075551020','alex.hughes@example.com','17 Prospect','Ithaca','NY','14850'),
(21,'Sofia','Ibrahim','6075551021','sofia.ibrahim@example.com','40 College Ave','Ithaca','NY','14850'),
(22,'William','Jordan','6075551022','william.jordan@example.com','66 Northfield','Ithaca','NY','14850'),
(23,'Ella','Kim','6075551023','ella.kim@example.com','11 Grove St','Ithaca','NY','14850'),
(24,'Benjamin','Lopez','6075551024','ben.lopez@example.com','3 Oak St','Ithaca','NY','14850'),
(25,'Zoe','Martin','6075551025','zoe.martin@example.com','27 College Ave','Ithaca','NY','14850'),
(26,'Henry','Nelson','6075551026','henry.nelson@example.com','91 Union','Ithaca','NY','14850'),
(27,'Luna','Ortiz','6075551027','luna.ortiz@example.com','6 Willow','Ithaca','NY','14850'),
(28,'Daniel','Perez','6075551028','daniel.perez@example.com','45 N Aurora','Ithaca','NY','14850'),
(29,'Grace','Quinn','6075551029','grace.quinn@example.com','39 East Ave','Ithaca','NY','14850'),
(30,'Owen','Reyes','6075551030','owen.reyes@example.com','23 College Pl','Ithaca','NY','14850'),
(31,'Chloe','Simmons','6075551031','chloe.simmons@example.com','12 Hilltop','Ithaca','NY','14850'),
(32,'Wyatt','Torres','6075551032','wyatt.torres@example.com','58 Maple','Ithaca','NY','14850'),
(33,'Lily','Underwood','6075551033','lily.underwood@example.com','4 Garden','Ithaca','NY','14850'),
(34,'Carter','Vega','6075551034','carter.vega@example.com','85 Broadway','Ithaca','NY','14850'),
(35,'Madison','Walker','6075551035','madison.walker@example.com','21 Pine','Ithaca','NY','14850'),
(36,'Sebastian','Xu','6075551036','sebastian.xu@example.com','7 Oakdale','Ithaca','NY','14850'),
(37,'Aria','Young','6075551037','aria.young@example.com','32 College','Ithaca','NY','14850'),
(38,'Jack','Zimmer','6075551038','jack.zimmer@example.com','19 Elm','Ithaca','NY','14850'),
(39,'Victoria','Avery','6075551039','victoria.avery@example.com','50 Highland','Ithaca','NY','14850'),
(40,'Samuel','Bennett','6075551040','samuel.bennett@example.com','2 Elmwood','Ithaca','NY','14850'),
(41,'Penelope','Carter','6075551041','penelope.carter@example.com','77 Park','Ithaca','NY','14850'),
(42,'Levi','Dawson','6075551042','levi.dawson@example.com','24 Orchard','Ithaca','NY','14850'),
(43,'Nora','Elliott','6075551043','nora.elliott@example.com','60 River St','Ithaca','NY','14850'),
(44,'Hudson','Frost','6075551044','hudson.frost@example.com','13 Oak Ln','Ithaca','NY','14850'),
(45,'Hazel','Griffith','6075551045','hazel.griffith@example.com','9 Pinecrest','Ithaca','NY','14850'),
(46,'Lincoln','Hamm','6075551046','lincoln.hamm@example.com','34 Eastwood','Ithaca','NY','14850'),
(47,'Aurora','Irwin','6075551047','aurora.irwin@example.com','90 Westview','Ithaca','NY','14850'),
(48,'Theo','James','6075551048','theo.james@example.com','10 S Meadow','Ithaca','NY','14850'),
(49,'Stella','Knight','6075551049','stella.knight@example.com','28 Bay','Ithaca','NY','14850'),
(50,'Miles','Lopez','6075551050','miles.lopez@example.com','6 Oakridge','Ithaca','NY','14850');

-- 7) Book_has_Author
-- For each book (1..100) assign 1 or 2 authors. We'll link sequenced authors to books so all 80 authors are used across books.
INSERT INTO `Book_has_Author` (`Book_idBook`, `Author_idAuthor`) VALUES
(1,1),(1,27),
(2,2),
(3,3),
(4,4),(4,28),
(5,5),
(6,6),
(7,7),
(8,8),
(9,9),
(10,10),
(11,11),
(12,12),
(13,13),
(14,14),
(15,15),
(16,16),
(17,17),
(18,18),
(19,19),
(20,20),
(21,21),
(22,22),
(23,23),
(24,24),
(25,25),
(26,26),
(27,27),
(28,28),
(29,29),
(30,30),
(31,31),
(32,32),
(33,33),
(34,34),
(35,35),
(36,36),
(37,37),
(38,38),
(39,39),
(40,40),
(41,41),
(42,42),
(43,43),
(44,44),
(45,45),
(46,46),
(47,47),
(48,48),
(49,49),
(50,50),
(51,51),
(52,52),
(53,53),
(54,54),
(55,55),
(56,56),
(57,57),
(58,58),
(59,59),
(60,60),
(61,61),
(62,62),
(63,63),
(64,64),
(65,65),
(66,66),
(67,67),
(68,68),
(69,69),
(70,70),
(71,71),
(72,72),
(73,73),
(74,74),
(75,75),
(76,76),
(77,77),
(78,78),
(79,79),
(80,80),
(81,1),
(82,2),
(83,3),
(84,4),
(85,5),
(86,6),
(87,7),
(88,8),
(89,9),
(90,10),
(91,11),
(92,12),
(93,13),
(94,14),
(95,15),
(96,16),
(97,17),
(98,18),
(99,19),
(100,20),
-- add some books with two authors
(21,22),(21,23),
(22,24),(22,25),
(23,26),(23,27),
(24,28),(24,29),
(25,30),(25,31),
(26,32),(26,33),
(27,34),(27,35),
(28,36),(28,37),
(29,38),(29,39),
(30,40),(30,41),
(31,42),(31,43),
(32,44),(32,45),
(33,46),(33,47),
(34,48),(34,49),
(35,50),(35,51),
(36,52),(36,53),
(37,54),(37,55),
(38,56),(38,57),
(39,58),(39,59),
(40,60),(40,61),
(41,62),(41,63),
(42,64),(42,65),
(43,66),(43,67),
(44,68),(44,69),
(45,70),(45,71),
(46,72),(46,73),
(47,74),(47,75),
(48,76),(48,77),
(49,78),(49,79),
(50,80);

-- 8) Checkout history (100 records)
-- Rules:
-- - Covers last 10 years from 2015-11-18 through 2025-11-18 (current date)
-- - due_date is one month after checkout_date
-- - 10 currently checked out: return_date = NULL
-- - 10 overdue: return_date = NULL and due_date < '2025-11-18'
-- We'll create 100 rows with a mix; use various books 1..100 and readers 1..50.
-- For determinism we'll craft grouped inserts. Current date per developer: 2025-11-18
INSERT INTO `Checkout` (`idCheckout`, `Book_idBook`, `Reader_idReader`, `checkout_date`, `due_date`, `return_date`, `condition_returned`) VALUES
-- 1..10: older returned (2015-2017)
(1, 5, 1, '2015-03-10', '2015-04-10', '2015-04-08', 'Good'),
(2, 12, 2, '2015-06-12', '2015-07-12', '2015-07-10', 'Good'),
(3, 20, 3, '2016-01-20', '2016-02-20', '2016-02-18', 'Good'),
(4, 7, 4, '2016-09-01', '2016-10-01', '2016-10-02', 'Slight wear'),
(5, 33, 5, '2017-05-05', '2017-06-05', '2017-06-03', 'Good'),
(6, 44, 6, '2017-07-07', '2017-08-07', '2017-08-06', 'Good'),
(7, 55, 7, '2016-11-11', '2016-12-11', '2016-12-10', 'Good'),
(8, 68, 8, '2015-10-10', '2015-11-10', '2015-11-09', 'Good'),
(9, 81, 9, '2017-02-02', '2017-03-02', '2017-02-28', 'Good'),
(10, 92, 10, '2015-12-15', '2016-01-15', '2016-01-14', 'Good'),

-- 11..40: mixed returned across 2018-2022
(11, 1, 11, '2018-03-03', '2018-04-03', '2018-03-30', 'Good'),
(12, 2, 12, '2018-06-06', '2018-07-06', '2018-07-05', 'Good'),
(13, 3, 13, '2019-01-10', '2019-02-10', '2019-02-09', 'Good'),
(14, 4, 14, '2019-11-11', '2019-12-11', '2019-12-12', 'Good'),
(15, 6, 15, '2020-03-04', '2020-04-04', '2020-04-03', 'Good'),
(16, 8, 16, '2020-09-09', '2020-10-09', '2020-10-08', 'Good'),
(17, 9, 17, '2021-01-15', '2021-02-15', '2021-02-14', 'Good'),
(18, 10, 18, '2021-05-20', '2021-06-20', '2021-06-19', 'Slight wear'),
(19, 11, 19, '2021-08-01', '2021-09-01', '2021-08-30', 'Good'),
(20, 13, 20, '2022-02-02', '2022-03-02', '2022-02-28', 'Good'),
(21, 14, 21, '2022-04-04', '2022-05-04', '2022-05-03', 'Good'),
(22, 15, 22, '2022-06-06', '2022-07-06', '2022-07-05', 'Good'),
(23, 16, 23, '2018-08-08', '2018-09-08', '2018-09-07', 'Good'),
(24, 17, 24, '2019-09-09', '2019-10-09', '2019-10-08', 'Good'),
(25, 18, 25, '2018-12-12', '2019-01-12', '2019-01-11', 'Good'),
(26, 19, 26, '2020-01-01', '2020-02-01', '2020-01-30', 'Good'),
(27, 21, 27, '2020-03-05', '2020-04-05', '2020-04-04', 'Good'),
(28, 22, 28, '2021-06-06', '2021-07-06', '2021-07-05', 'Slight wear'),
(29, 23, 29, '2022-07-07', '2022-08-07', '2022-08-06', 'Good'),
(30, 24, 30, '2019-03-03', '2019-04-03', '2019-04-02', 'Good'),

(31, 25, 31, '2018-05-05', '2018-06-05', '2018-06-03', 'Good'),
(32, 26, 32, '2017-02-02', '2017-03-02', '2017-03-01', 'Good'),
(33, 27, 33, '2016-04-04', '2016-05-04', '2016-05-05', 'Slight wear'),
(34, 28, 34, '2019-10-10', '2019-11-10', '2019-11-09', 'Good'),
(35, 29, 35, '2020-11-11', '2020-12-11', '2020-12-10', 'Good'),
(36, 30, 36, '2021-12-12', '2022-01-12', '2022-01-10', 'Good'),
(37, 31, 37, '2015-04-04', '2015-05-04', '2015-05-03', 'Good'),
(38, 32, 38, '2016-07-07', '2016-08-07', '2016-08-06', 'Good'),
(39, 34, 39, '2017-08-08', '2017-09-08', '2017-09-07', 'Good'),
(40, 35, 40, '2018-09-09', '2018-10-09', '2018-10-08', 'Good'),

-- 41..80: returned mostly recent 2023-2025
(41, 36, 41, '2023-01-15', '2023-02-15', '2023-02-14', 'Good'),
(42, 37, 42, '2023-03-20', '2023-04-20', '2023-04-19', 'Good'),
(43, 38, 43, '2023-05-05', '2023-06-05', '2023-06-04', 'Good'),
(44, 39, 44, '2023-07-07', '2023-08-07', '2023-08-06', 'Good'),
(45, 40, 45, '2023-09-09', '2023-10-09', '2023-10-08', 'Good'),
(46, 41, 46, '2024-01-01', '2024-02-01', '2024-01-30', 'Good'),
(47, 42, 47, '2024-03-03', '2024-04-03', '2024-04-02', 'Good'),
(48, 43, 48, '2024-05-05', '2024-06-05', '2024-06-04', 'Good'),
(49, 44, 49, '2024-07-07', '2024-08-07', '2024-08-05', 'Good'),
(50, 45, 50, '2024-09-09', '2024-10-09', '2024-10-08', 'Good'),

(51, 46, 1, '2024-10-10', '2024-11-10', '2024-11-09', 'Good'),
(52, 47, 2, '2024-11-11', '2024-12-11', '2024-12-10', 'Good'),
(53, 48, 3, '2025-01-10', '2025-02-10', '2025-02-09', 'Good'),
(54, 49, 4, '2025-02-14', '2025-03-14', '2025-03-13', 'Good'),
(55, 50, 5, '2025-03-01', '2025-04-01', '2025-03-30', 'Good'),
(56, 51, 6, '2025-04-05', '2025-05-05', '2025-05-04', 'Good'),
(57, 52, 7, '2025-05-10', '2025-06-10', '2025-06-09', 'Good'),
(58, 53, 8, '2025-06-15', '2025-07-15', '2025-07-14', 'Good'),
(59, 54, 9, '2025-07-20', '2025-08-20', '2025-08-19', 'Good'),
(60, 55, 10, '2025-08-25', '2025-09-25', NULL, 'Good'), -- example: returned_date NULL but not counted in current checked-out set below unless we list it in current; we'll manage totals carefully

-- 61..80: create currently checked out (10 rows) -> return_date NULL
-- We'll pick idCheckout 61..70 for these
(61, 56, 11, '2025-10-20', '2025-11-20', NULL, 'Good'),
(62, 57, 12, '2025-11-01', '2025-12-01', NULL, 'Good'),
(63, 58, 13, '2025-11-05', '2025-12-05', NULL, 'Good'),
(64, 59, 14, '2025-11-07', '2025-12-07', NULL, 'Good'),
(65, 60, 15, '2025-10-25', '2025-11-25', NULL, 'Good'),
(66, 61, 16, '2025-10-30', '2025-11-30', NULL, 'Good'),
(67, 62, 17, '2025-11-10', '2025-12-10', NULL, 'Good'),
(68, 63, 18, '2025-11-12', '2025-12-12', NULL, 'Good'),
(69, 64, 19, '2025-11-13', '2025-12-13', NULL, 'Good'),
(70, 65, 20, '2025-11-14', '2025-12-14', NULL, 'Good'),

-- 71..90: create overdue checkouts (10 rows): checkout_date earlier so due_date < 2025-11-18 and return_date NULL
(71, 66, 21, '2025-09-01', '2025-10-01', NULL, 'Good'),
(72, 67, 22, '2025-08-15', '2025-09-15', NULL, 'Good'),
(73, 68, 23, '2025-07-10', '2025-08-10', NULL, 'Good'),
(74, 69, 24, '2025-06-05', '2025-07-05', NULL, 'Good'),
(75, 70, 25, '2025-05-01', '2025-06-01', NULL, 'Good'),
(76, 71, 26, '2025-04-10', '2025-05-10', NULL, 'Good'),
(77, 72, 27, '2025-03-08', '2025-04-08', NULL, 'Good'),
(78, 73, 28, '2025-02-05', '2025-03-05', NULL, 'Good'),
(79, 74, 29, '2025-01-02', '2025-02-02', NULL, 'Good'),
(80, 75, 30, '2024-12-01', '2025-01-01', NULL, 'Good'),

-- 81..100: additional returned historic records (to reach 100 total)
(81, 76, 31, '2024-01-10', '2024-02-10', '2024-02-09', 'Good'),
(82, 77, 32, '2023-02-05', '2023-03-05', '2023-03-04', 'Good'),
(83, 78, 33, '2022-03-07', '2022-04-07', '2022-04-06', 'Good'),
(84, 79, 34, '2021-04-08', '2021-05-08', '2021-05-07', 'Good'),
(85, 80, 35, '2020-05-09', '2020-06-09', '2020-06-08', 'Good'),
(86, 82, 36, '2019-06-10', '2019-07-10', '2019-07-09', 'Good'),
(87, 83, 37, '2018-07-11', '2018-08-11', '2018-08-10', 'Good'),
(88, 84, 38, '2017-08-12', '2017-09-12', '2017-09-11', 'Good'),
(89, 85, 39, '2016-09-13', '2016-10-13', '2016-10-12', 'Good'),
(90, 86, 40, '2015-10-14', '2015-11-14', '2015-11-13', 'Good'),
(91, 87, 41, '2019-11-15', '2019-12-15', '2019-12-14', 'Good'),
(92, 88, 42, '2020-12-16', '2021-01-16', '2021-01-15', 'Good'),
(93, 89, 43, '2021-01-17', '2021-02-17', '2021-02-16', 'Good'),
(94, 90, 44, '2022-02-18', '2022-03-18', '2022-03-17', 'Good'),
(95, 91, 45, '2023-03-19', '2023-04-19', '2023-04-18', 'Good'),
(96, 93, 46, '2024-04-20', '2024-05-20', '2024-05-19', 'Good'),
(97, 94, 47, '2024-05-21', '2024-06-21', '2024-06-20', 'Good'),
(98, 95, 48, '2024-06-22', '2024-07-22', '2024-07-21', 'Good'),
(99, 96, 49, '2024-07-23', '2024-08-23', '2024-08-22', 'Good'),
(100,97, 50, '2024-08-24', '2024-09-24', '2024-09-23', 'Good');
